CREATE TABLE TBL_STUDENT_202210 (
	stuid CHAR(8) NOT NULL PRIMARY KEY,
	sname VARCHAR2(20),
	dept_name VARCHAR2(20),
	jumin CHAR(13),
	phone CHAR(13),
	email CHAR(30)
);

CREATE TABLE TBL_SCORE_202210 (
	sid CHAR(8) NOT NULL PRIMARY KEY,
	subcode CHAR(4),
	midscore NUMBER,
	finalscore NUMBER,
	attend NUMBER,
	report NUMBER,
	etc NUMBER
);

CREATE TABLE TBL_SUBJECT_202210 (
	subcode CHAR(4) NOT NULL PRIMARY KEY,
	subname VARCHAR2(30),
	proname VARCHAR2(20)
);

INSERT INTO TBL_STUDENT_202210 VALUES ('20220011', '김한국', '사회복지과', '0301013111111', '010-1111-1111', 'hankuk@naver.com');
INSERT INTO TBL_STUDENT_202210 VALUES ('20220012', '홍길동', '관광과', '0202013222222', '010-2222-2222', 'hongkil@naver.com');
INSERT INTO TBL_STUDENT_202210 VALUES ('20220013', '김미자', '패션디자인과', '0203014333333', '010-3333-3333', 'kimja@naver.com');
INSERT INTO TBL_STUDENT_202210 VALUES ('20220014', '윤한얼', '물리치료과', '0204014444444', '010-4444-4444', 'yoon@naver.com');
INSERT INTO TBL_STUDENT_202210 VALUES ('20220015', '김성진', '모던음악과', '0205013555555', '010-5555-5555', 'kimsj@naver.com');
INSERT INTO TBL_STUDENT_202210 VALUES ('20220016', '조민지', '건축과', '0206014666666', '010-6666-6666', 'jmg@naver.com');

INSERT INTO TBL_SCORE_202210 VALUES ('20220011', 'A001', 80, 90, 100, 100, 100);
INSERT INTO TBL_SCORE_202210 VALUES ('20220012', 'A001', 85, 90, 90, 90, 80);
INSERT INTO TBL_SCORE_202210 VALUES ('20220013', 'A001', 75, 90, 80, 77, 80);
INSERT INTO TBL_SCORE_202210 VALUES ('20220014', 'A001', 90, 90, 100, 100, 70);
INSERT INTO TBL_SCORE_202210 VALUES ('20220015', 'A002', 70, 70, 80, 80, 90);
INSERT INTO TBL_SCORE_202210 VALUES ('20220016', 'A002', 96, 95, 100, 100, 90);

INSERT INTO TBL_SUBJECT_202210 VALUES ('A001', '자바', '정명석');
INSERT INTO TBL_SUBJECT_202210 VALUES ('A002', 'C언어', '김미숙');
INSERT INTO TBL_SUBJECT_202210 VALUES ('A003', '데이터베이스', '서길동');
INSERT INTO TBL_SUBJECT_202210 VALUES ('A004', '웹프로그래밍', '이건원');
INSERT INTO TBL_SUBJECT_202210 VALUES ('A005', '영어', '박태민');

COMMIT;
